City_ID,City,Country,Lat,Lng,Max Temp,Humidity,Cloudiness,Wind Speed,Current Description
0,Paamiut,GL,61.994,-49.6678,36.5,83,12,6.58,few clouds
1,Tasiilaq,GL,65.6145,-37.6368,41.16,98,100,8.01,overcast clouds
2,Rawson,AR,-43.3002,-65.1023,46.87,44,50,26.6,scattered clouds
3,Jamestown,US,42.097,-79.2353,72.95,63,26,4.0,scattered clouds
4,Busselton,AU,-33.65,115.3333,54.79,73,100,4.25,overcast clouds
5,Walvis Bay,NA,-22.9575,14.5053,68.95,56,0,16.11,clear sky
6,Maragogi,BR,-9.0122,-35.2225,80.15,82,77,9.15,broken clouds
7,Abu Dhabi,AE,24.4667,54.3667,93.31,50,0,6.91,clear sky
8,Juruti,BR,-2.1522,-56.0922,84.45,70,90,4.14,overcast clouds
9,Dingle,PH,10.9995,122.6711,77.79,86,73,2.82,broken clouds
10,Nerja,ES,36.7585,-3.8873,91.58,47,49,3.0,scattered clouds
11,Qaanaaq,GL,77.484,-69.3632,25.36,62,100,6.49,overcast clouds
12,Mar Del Plata,AR,-38.0023,-57.5575,53.1,69,20,10.36,few clouds
13,Ushuaia,AR,-54.8,-68.3,37.06,81,40,26.46,light intensity drizzle
14,Sehithwa,BW,-20.4667,22.7167,71.19,24,0,0.38,clear sky
15,Torbay,CA,47.6666,-52.7314,61.57,88,75,13.8,broken clouds
16,Muros,ES,42.7762,-9.0603,73.17,72,53,6.38,broken clouds
17,Ust-Kalmanka,RU,52.1207,83.305,60.03,67,96,10.87,overcast clouds
18,Cidreira,BR,-30.1811,-50.2056,63.34,94,100,9.33,light rain
19,Nanortalik,GL,60.1432,-45.2371,40.51,81,88,9.22,overcast clouds
20,Quatre Cocos,MU,-20.2078,57.7625,73.51,57,14,20.0,few clouds
21,Hermanus,ZA,-34.4187,19.2345,55.8,58,24,12.88,few clouds
22,Sikeston,US,36.8767,-89.5879,78.73,57,0,11.5,clear sky
23,Klaksvik,FO,62.2266,-6.589,41.92,81,100,27.31,overcast clouds
24,Chuy,UY,-33.6971,-53.4616,58.77,60,5,12.41,clear sky
25,Teguldet,RU,57.3064,88.1667,56.21,89,100,6.33,light rain
26,Saint-Philippe,RE,-21.3585,55.7679,69.39,64,91,14.99,overcast clouds
27,Big Rapids,US,43.6981,-85.4837,73.47,63,0,10.36,clear sky
28,Georgetown,MY,5.4112,100.3354,82.33,93,40,3.44,scattered clouds
29,Port Alfred,ZA,-33.5906,26.891,58.24,73,90,30.56,light rain
30,Hjelset,NO,62.7833,7.4833,47.98,87,75,12.66,broken clouds
31,Laguna,US,38.421,-121.4238,64.44,47,0,12.66,clear sky
32,Vasterhaninge,SE,59.1167,18.1,59.9,49,100,6.46,overcast clouds
33,Bredasdorp,ZA,-34.5322,20.0403,55.71,54,12,14.32,few clouds
34,Tromso,NO,69.6496,18.957,57.22,51,0,20.71,clear sky
35,Cape Town,ZA,-33.9258,18.4232,61.21,55,20,12.66,few clouds
36,Sankheda,IN,22.1667,73.5833,91.18,57,0,17.63,clear sky
37,Hithadhoo,MV,-0.6,73.0833,83.88,71,90,8.93,overcast clouds
38,Pisco,PE,-13.7,-76.2167,67.01,68,0,6.91,clear sky
39,Muzhi,RU,65.3667,64.6667,54.61,41,77,23.17,broken clouds
40,Cockburn Town,TC,21.4612,-71.1419,80.11,80,94,19.91,overcast clouds
41,Rurrenabaque,BO,-14.4413,-67.5278,88.57,45,16,7.58,few clouds
42,Coquimbo,CL,-29.9533,-71.3436,55.13,82,75,4.61,broken clouds
43,Ilulissat,GL,69.2167,-51.1,35.62,75,40,5.75,scattered clouds
44,Port Blair,IN,11.6667,92.75,84.24,84,75,9.22,mist
45,Portobelo,PA,9.55,-79.65,86.95,77,64,1.92,broken clouds
46,Marystown,CA,47.1666,-55.1483,52.23,90,100,14.72,overcast clouds
47,Upernavik,GL,72.7868,-56.1549,30.87,82,6,13.42,clear sky
48,Soyo,AO,-6.1349,12.3689,76.86,77,47,10.98,scattered clouds
49,Tazovskiy,RU,67.4667,78.7,37.47,70,2,16.53,clear sky
50,Secunda,ZA,-26.55,29.1667,63.32,61,2,1.99,clear sky
51,Longyearbyen,SJ,78.2186,15.6401,46.24,71,0,12.66,clear sky
52,Camopi,GF,3.1655,-52.3158,83.1,73,85,3.36,overcast clouds
53,Wadi Maliz,TN,36.4681,8.5495,92.86,18,13,12.95,few clouds
54,Beloha,MG,-25.1667,45.05,67.93,70,0,11.72,clear sky
55,Bria,CF,6.5423,21.9863,82.9,63,16,4.23,few clouds
56,Guaratinga,BR,-16.5667,-39.5667,77.45,74,90,4.79,overcast clouds
57,Zelenoborsk,RU,61.4669,64.0333,50.29,94,100,2.64,overcast clouds
58,Ponta Do Sol,PT,32.6667,-17.1,74.03,74,98,11.1,overcast clouds
59,Surt,LY,31.2089,16.5887,75.56,55,57,11.41,broken clouds
60,Dikson,RU,73.5069,80.5464,26.17,94,21,5.93,few clouds
61,Novo Selo,MK,41.4139,22.8811,70.16,74,30,11.27,heavy intensity rain
62,Mahebourg,MU,-20.4081,57.7,73.69,73,40,16.11,scattered clouds
63,Sunndalsora,NO,62.6754,8.5515,44.96,96,100,1.68,overcast clouds
64,Vardo,NO,70.3705,31.1107,44.58,70,30,9.22,scattered clouds
65,Sept-Iles,CA,50.2001,-66.3821,61.32,48,75,14.97,broken clouds
66,Hambantota,LK,6.1241,81.1185,79.81,82,100,14.47,overcast clouds
67,Kaliganj,BD,23.4095,89.1402,82.42,70,100,10.29,overcast clouds
68,Buedu,SL,8.2803,-10.3719,86.09,62,75,0.67,light rain
69,Novo Aripuana,BR,-5.1206,-60.3797,90.34,50,20,4.79,few clouds
70,Victoria,HK,22.2855,114.1577,85.17,88,81,7.0,broken clouds
71,Adrar,MR,20.5022,-10.0711,102.0,16,93,13.73,overcast clouds
72,Estelle,US,29.8458,-90.1067,86.0,56,40,6.91,scattered clouds
73,San Juan,AR,-31.5375,-68.5364,47.8,68,98,3.83,overcast clouds
74,Karasjok,NO,69.4719,25.5112,55.47,63,89,20.38,overcast clouds
75,Urengoy,RU,65.9667,78.3667,46.67,44,1,15.52,clear sky
76,Bandarbeyla,SO,9.4942,50.8122,79.9,84,13,29.19,few clouds
77,Souillac,MU,-20.5167,57.5167,73.78,73,40,16.11,scattered clouds
78,Tabuk,PH,17.4189,121.4443,77.38,89,100,3.0,light rain
79,Luwingu,ZM,-10.2621,29.9271,63.88,57,14,4.88,few clouds
80,Arraial Do Cabo,BR,-22.9661,-42.0278,85.96,45,0,12.66,clear sky
81,Korla,CN,41.7597,86.1469,82.09,14,98,14.0,overcast clouds
82,Iqaluit,CA,63.7506,-68.5145,31.73,80,100,15.01,overcast clouds
83,Tessalit,ML,20.1986,1.0114,108.82,7,34,12.35,scattered clouds
84,Saint George,US,37.1041,-113.5841,74.95,21,0,16.11,clear sky
85,Ormara,PK,25.2088,64.6357,81.64,89,0,18.37,clear sky
86,Mutare,ZW,-18.9707,32.6709,59.13,77,1,2.82,clear sky
87,Bama,NG,11.5221,13.6856,103.17,5,64,11.27,broken clouds
88,Vila Velha,BR,-20.3297,-40.2925,80.55,79,75,11.5,broken clouds
89,Melun,FR,48.5,2.75,62.26,47,0,6.91,clear sky
90,Piacabucu,BR,-10.4056,-36.4344,80.96,78,54,11.01,broken clouds
91,Ziparion,GR,36.875,27.2042,79.72,41,20,18.41,few clouds
92,Sao Filipe,CV,14.8961,-24.4956,75.42,80,19,10.6,few clouds
93,Japura,ID,-0.3167,102.35,74.88,93,39,0.49,scattered clouds
94,Umm Lajj,SA,25.0213,37.2685,83.97,52,0,6.76,clear sky
95,Ciudad Bolivar,VE,8.1222,-63.5497,92.68,37,93,9.04,overcast clouds
96,Ritchie,ZA,-29.038,24.6028,58.21,48,1,13.04,clear sky
97,Lebu,CL,-37.6167,-73.65,48.4,61,63,12.5,broken clouds
98,Maniitsoq,GL,65.4167,-52.9,36.81,81,9,9.42,clear sky
99,Cabedelo,BR,-6.9811,-34.8339,83.07,83,64,9.73,moderate rain
100,Bambous Virieux,MU,-20.3428,57.7575,73.65,73,40,16.11,scattered clouds
101,Talnakh,RU,69.4865,88.3972,40.21,70,8,2.75,clear sky
102,Americo Brasiliense,BR,-21.7244,-48.1017,80.85,29,0,9.53,clear sky
103,Kuhdasht,IR,33.535,47.6061,77.65,13,10,5.12,clear sky
104,Portree,GB,57.4129,-6.1942,50.52,81,100,10.33,overcast clouds
105,Puerto El Triunfo,SV,13.2833,-88.55,86.92,65,79,3.56,broken clouds
106,Kalmunai,LK,7.4167,81.8167,82.38,70,94,11.21,heavy intensity rain
107,Atar,MR,20.5169,-13.0499,98.92,19,99,6.82,overcast clouds
108,Los Llanos De Aridane,ES,28.6585,-17.9182,69.55,78,20,8.01,few clouds
109,Castro,BR,-24.7911,-50.0119,72.64,52,2,13.98,clear sky
110,Aguas Formosas,BR,-17.0822,-40.9358,74.95,69,98,3.74,overcast clouds
111,Kovalevskoye,RU,45.1942,40.9761,74.1,74,7,5.97,clear sky
112,Oranjemund,NA,-28.55,16.4333,57.9,85,0,9.8,clear sky
113,Marsa Matruh,EG,31.3525,27.2453,91.6,25,0,13.8,clear sky
114,Ocamonte,CO,6.3401,-73.1223,76.03,62,45,3.44,scattered clouds
115,Matagami,CA,49.7502,-77.6328,53.71,54,100,3.44,overcast clouds
116,Mirabad,AF,30.4362,61.8383,82.53,10,0,17.9,clear sky
117,Taltal,CL,-25.4,-70.4833,63.36,66,14,6.96,few clouds
118,Touros,BR,-5.1989,-35.4608,83.91,65,32,13.09,scattered clouds
119,Bekwai,GH,6.4534,-1.5774,83.59,67,93,6.08,overcast clouds
120,Pyshchug,RU,58.8873,45.7134,51.82,80,96,9.08,overcast clouds
121,Neyshabur,IR,36.2133,58.7958,69.46,19,0,8.68,clear sky
122,Oksovskiy,RU,62.6062,39.8984,56.35,88,100,4.83,overcast clouds
123,Bubaque,GW,11.2833,-15.8333,81.9,74,100,11.86,overcast clouds
124,Lokoja,NG,7.8024,6.743,97.52,33,6,7.81,clear sky
125,Saint-Augustin,CA,51.226,-58.6502,50.59,65,98,15.75,overcast clouds
126,Nouadhibou,MR,20.931,-17.0347,73.38,68,0,19.57,clear sky
127,Zabol,AF,32.25,67.25,68.43,15,0,14.63,clear sky
128,Stepnogorsk,KZ,52.3544,71.8869,66.38,42,4,7.99,clear sky
129,Lencois Paulista,BR,-22.5986,-48.8003,82.38,34,0,10.09,clear sky
130,Kpandu,GH,6.9954,0.2931,86.79,61,84,9.31,light rain
131,Port Elizabeth,ZA,-33.918,25.5701,57.49,69,20,26.46,light intensity shower rain
132,Punta Arenas,CL,-53.15,-70.9167,42.91,65,0,24.16,clear sky
133,Saldanha,ZA,-33.0117,17.9442,60.85,59,9,15.93,clear sky
134,Adra,ES,36.7496,-3.0206,77.52,50,83,18.32,broken clouds
135,Hobyo,SO,5.3505,48.5268,79.74,80,73,25.12,broken clouds
136,Ribeira Grande,PT,38.5167,-28.7,61.2,67,40,20.71,scattered clouds
137,Canoa,DO,18.355,-71.1585,83.91,79,75,13.8,broken clouds
138,Chulumani,BO,-16.4096,-67.5263,77.97,42,53,5.39,broken clouds
139,San Cristobal,VE,7.7669,-72.225,80.78,40,27,7.87,scattered clouds
140,Yacuiba,BO,-22.038,-63.6797,56.82,93,100,5.57,overcast clouds
141,East London,ZA,-33.0153,27.9116,58.14,67,20,31.07,few clouds
142,Middelburg,ZA,-25.7751,29.4648,60.31,46,0,8.16,clear sky
143,Birjand,IR,32.8663,59.2211,75.67,7,0,16.11,clear sky
144,Benguela,AO,-12.5763,13.4055,73.9,77,9,6.8,clear sky
145,Turukhansk,RU,65.8167,87.9833,47.71,57,18,8.37,few clouds
146,Kashi,CN,39.4547,75.9797,61.81,63,20,6.71,few clouds
147,Buraydah,SA,26.326,43.975,102.65,8,3,9.35,clear sky
148,Awjilah,LY,29.1081,21.2869,99.32,11,24,15.1,few clouds
149,Wattegama,LK,6.7989,81.4808,78.51,73,100,9.78,overcast clouds
150,Lagoa,PT,39.05,-27.9833,57.09,64,16,24.11,light rain
151,At-Bashi,KG,41.1702,75.8106,45.19,74,54,2.8,broken clouds
152,Ghaziabad,IN,28.6667,77.4333,87.94,7,2,5.7,clear sky
153,Aksehir,TR,38.3575,31.4164,66.99,63,32,12.82,scattered clouds
154,Skole,UA,49.0372,23.5135,50.58,93,100,4.03,overcast clouds
155,Ust-Kulom,RU,61.6864,53.6902,54.1,78,100,6.98,overcast clouds
156,Amparafaravola,MG,-17.5833,48.2167,60.8,90,53,6.46,broken clouds
157,New Smyrna Beach,US,29.0258,-80.927,88.16,78,40,6.91,scattered clouds
158,Filingue,NE,14.3521,3.3168,107.1,16,21,8.55,few clouds
159,Cayenne,GF,4.9333,-52.3333,84.09,15,75,3.44,moderate rain
160,Mayor Pablo Lagerenza,PY,-19.9309,-60.7718,70.61,71,71,11.43,broken clouds
161,Banda Aceh,ID,5.5577,95.3222,80.51,73,100,11.07,overcast clouds
162,Berlevag,NO,70.8578,29.0864,46.4,81,20,12.66,few clouds
163,Ariquemes,BR,-9.9133,-63.0408,91.22,46,17,2.64,few clouds
164,Bridlington,GB,54.0831,-0.1919,54.9,68,22,16.64,few clouds
165,Mbanza-Ngungu,CD,-5.25,14.8667,75.4,79,81,3.96,broken clouds
166,Kibala,TD,9.1104,18.3463,98.78,22,43,2.46,scattered clouds
167,Arona,ES,28.0996,-16.681,71.69,55,20,14.97,few clouds
168,Hamilton,US,39.1834,-84.5333,77.59,70,0,10.36,clear sky
169,Pangnirtung,CA,66.1451,-65.7125,36.34,92,78,2.33,broken clouds
170,Achit,RU,56.7985,57.8994,54.18,74,46,10.76,scattered clouds
171,Aksarka,RU,66.5606,67.7975,48.09,42,21,19.64,few clouds
172,Codrington,AU,-38.2667,141.9667,45.91,68,73,11.41,broken clouds
173,Maine-Soroa,NE,13.2114,12.0241,104.88,5,9,6.46,clear sky
174,Puerto Leguizamo,CO,-0.1934,-74.7819,80.62,79,67,1.23,broken clouds
175,Vyritsa,RU,59.4078,30.3481,56.53,65,78,5.84,broken clouds
176,Krasnooktyabrskiy,RU,44.9328,38.3712,71.82,69,0,6.29,clear sky
177,Verkhnechusovskiye Gorodki,RU,58.1671,57.1086,52.56,86,85,10.09,light rain
178,Hazorasp,UZ,41.3194,61.0742,80.44,16,0,9.95,clear sky
179,Mehamn,NO,71.0357,27.8492,46.35,76,20,9.22,few clouds
180,Manono,CD,-7.3,27.4167,80.85,43,35,1.63,scattered clouds
181,Port-Gentil,GA,-0.7193,8.7815,80.56,74,20,18.41,few clouds
182,Palia Kalan,IN,28.45,80.5833,91.89,31,43,5.7,scattered clouds
183,Coihaique,CL,-45.5752,-72.0662,37.35,70,20,3.44,few clouds
184,Barra Patuca,HN,15.8,-84.2833,79.03,85,100,6.35,overcast clouds
185,San Ramon,US,37.7799,-121.978,61.65,74,20,9.22,few clouds
186,Yurimaguas,PE,-5.9,-76.0833,82.56,74,20,5.75,few clouds
187,Colares,PT,38.7992,-9.4469,70.79,66,75,13.0,broken clouds
188,Bloemfontein,ZA,-29.1211,26.214,56.68,35,0,10.36,clear sky
189,Dudinka,RU,69.4058,86.1778,40.62,85,19,22.1,few clouds
190,Oudtshoorn,ZA,-33.5907,22.2014,50.36,69,75,10.78,light rain
191,Saint-Georges,GD,12.0564,-61.7485,85.68,66,20,23.02,few clouds
192,Quelimane,MZ,-17.8786,36.8883,76.95,61,20,4.61,few clouds
193,Muravlenko,RU,63.7898,74.523,59.29,35,83,18.84,broken clouds
194,Yokadouma,CM,3.5167,15.05,82.09,58,100,1.23,overcast clouds
195,Baffa,PK,34.4378,73.2194,74.35,36,44,5.5,scattered clouds
196,Aguas Belas,BR,-9.1114,-37.1231,78.17,78,88,8.75,overcast clouds
197,Eenhana,NA,-17.4667,16.3333,75.33,24,0,5.91,clear sky
198,Clyde River,CA,70.4692,-68.5914,30.43,69,0,10.36,clear sky
199,Aguimes,ES,27.9054,-15.4461,70.66,73,75,4.61,broken clouds
200,Port-Cartier,CA,50.0334,-66.8654,61.02,51,27,17.25,scattered clouds
201,Natal,BR,-5.795,-35.2094,84.85,74,40,12.66,scattered clouds
202,Sur,OM,22.5667,59.5289,90.16,55,0,11.23,clear sky
203,Sao Joao Da Barra,BR,-21.6403,-41.0511,84.29,69,0,13.22,clear sky
204,Gumdag,TM,39.2061,54.5906,86.23,11,0,20.94,clear sky
205,Robertsport,LR,6.7533,-11.3686,82.27,77,65,6.35,moderate rain
206,Ostrovnoy,RU,68.0531,39.5131,39.11,84,30,15.46,scattered clouds
207,Huarmey,PE,-10.0681,-78.1522,68.09,71,54,10.63,broken clouds
208,Gagino,RU,55.2314,45.0339,55.72,69,21,11.77,few clouds
209,Nisia Floresta,BR,-6.0911,-35.2086,85.01,67,44,10.98,scattered clouds
210,Vestmannaeyjar,IS,63.4427,-20.2734,50.99,93,100,14.97,mist
211,Moron,AR,-34.6534,-58.6198,50.02,52,5,10.56,clear sky
212,Praia Da Vitoria,PT,38.7333,-27.0667,64.65,55,40,16.28,scattered clouds
213,Bere,TD,9.3202,16.1552,100.92,19,26,3.33,scattered clouds
214,Qasigiannguit,GL,68.8193,-51.1922,35.85,83,12,1.95,few clouds
215,Jalingo,NG,8.8833,11.3667,97.99,27,22,2.33,few clouds
216,Barra Do Garcas,BR,-15.89,-52.2567,88.38,45,0,13.8,clear sky
217,Businga,CD,3.3333,20.8833,83.98,57,49,2.98,scattered clouds
218,Kalamare,BW,-22.9337,26.5703,68.18,27,0,3.33,clear sky
219,Codo,BR,-4.4553,-43.8856,87.31,55,28,5.3,scattered clouds
220,Dole,FR,47.0833,5.5,65.82,37,0,13.8,clear sky
221,Arlit,NE,18.7369,7.3853,109.04,7,6,6.89,clear sky
222,Cozumel,MX,20.5083,-86.9458,78.94,89,100,4.61,overcast clouds
223,Palmas,BR,-10.2128,-48.3603,89.47,31,0,13.8,clear sky
224,Karatau,KZ,43.1667,70.4667,56.1,66,79,4.81,broken clouds
225,Amalapuram,IN,16.5833,82.0167,85.23,73,7,4.59,clear sky
226,Callaway,US,30.153,-85.5699,85.98,71,75,5.75,broken clouds
227,Jumla,NP,29.2747,82.1838,58.15,93,95,1.39,overcast clouds
228,Sanica,BA,44.6142,16.6411,58.33,92,98,2.98,overcast clouds
229,Jimma,ET,7.6667,36.8333,63.21,83,92,2.06,light rain
230,Lakselv,NO,70.0513,24.9718,44.42,87,75,17.27,broken clouds
231,Kembe,CF,4.6228,21.8865,81.64,68,68,0.43,broken clouds
232,Kavaratti,IN,10.5669,72.642,83.37,72,94,5.73,overcast clouds
233,Kargasok,RU,59.0556,80.8572,57.56,78,72,4.54,broken clouds
234,Ambilobe,MG,-13.2,49.05,72.37,69,27,4.9,scattered clouds
235,Sohag,EG,26.557,31.6948,102.49,6,0,12.06,clear sky
236,Richards Bay,ZA,-28.783,32.0377,70.59,87,0,5.28,clear sky
237,Ancud,CL,-41.8697,-73.8203,46.27,70,91,0.4,overcast clouds
238,Bengkulu,ID,-3.8004,102.2655,76.53,89,65,5.48,broken clouds
239,Carnarvon,AU,-24.8667,113.6333,69.22,42,100,23.4,overcast clouds
240,Olden,NO,61.8364,6.8064,50.74,84,98,2.13,overcast clouds
241,Chesterfield,US,37.3835,-77.5997,83.26,59,20,3.44,few clouds
242,Catamarca,AR,-28.4696,-65.7852,57.78,63,92,1.01,overcast clouds
243,Husavik,IS,66.0449,-17.3389,50.61,42,30,6.46,scattered clouds
244,Chingirlau,KZ,51.095,54.0814,69.84,62,60,7.81,broken clouds
245,Saint-Francois,FR,46.4154,3.9054,67.44,32,0,6.91,clear sky
246,Hualmay,PE,-11.0964,-77.6139,66.96,70,45,9.55,scattered clouds
247,Luderitz,NA,-26.6481,15.1594,62.04,63,0,24.11,clear sky
248,Ahtopol,BG,42.1,27.95,63.77,88,53,20.02,light rain
249,Maxixe,MZ,-23.8597,35.3472,75.02,69,0,9.22,clear sky
250,Tapiramuta,BR,-11.8472,-40.7914,79.21,40,29,6.06,scattered clouds
251,Cascais,PT,38.6979,-9.4215,70.95,66,75,13.0,broken clouds
252,Kirov,RU,58.5966,49.6601,52.27,80,63,8.66,broken clouds
253,Nacala,MZ,-14.5428,40.6728,74.64,70,26,9.6,scattered clouds
254,Guayaramerin,BO,-10.8368,-65.3614,86.05,66,0,6.91,clear sky
255,Goderich,CA,43.7501,-81.7165,68.32,68,97,12.66,overcast clouds
256,Camacha,PT,33.0833,-16.3333,72.82,53,20,5.75,few clouds
257,Bhim Tal,IN,29.35,79.5667,69.78,48,27,6.35,scattered clouds
258,Caravelas,BR,-17.7125,-39.2481,79.56,69,58,6.6,broken clouds
259,Aasiaat,GL,68.7098,-52.8699,32.41,79,6,5.86,clear sky
260,De Panne,BE,51.0792,2.5917,60.03,63,20,14.97,few clouds
261,Saint Anthony,US,45.0205,-93.218,69.22,86,75,19.57,broken clouds
262,Vila Franca Do Campo,PT,37.7167,-25.4333,61.21,63,15,15.41,light rain
263,Wum,CM,6.3833,10.0667,74.8,84,28,2.44,light rain
264,Aliwal North,ZA,-30.6937,26.7114,50.97,47,3,15.46,clear sky
265,Mana,GF,5.6592,-53.7767,80.67,83,55,8.46,broken clouds
266,Bathsheba,BB,13.2167,-59.5167,86.61,70,75,18.41,broken clouds
267,Alpena,US,45.0617,-83.4327,71.92,60,0,10.36,clear sky
268,Jaguarao,BR,-32.5661,-53.3758,61.11,58,31,13.91,scattered clouds
269,Aiquile,BO,-18.2041,-65.1807,72.19,30,68,5.23,broken clouds
270,Vokhtoga,RU,58.8147,41.0461,52.39,83,96,9.66,overcast clouds
271,Cavalcante,BR,-13.7975,-47.4583,85.23,19,0,3.02,clear sky
272,Ozinki,RU,51.1786,49.6769,65.77,79,71,6.29,broken clouds
273,Honningsvag,NO,70.9821,25.9704,42.55,87,100,12.66,overcast clouds
274,Uruzgan,AF,32.8333,66.0,69.35,17,0,3.44,clear sky
275,Namibe,AO,-15.1961,12.1522,68.97,75,2,9.71,clear sky
276,Vagay,RU,57.9375,69.0217,57.22,64,6,10.78,clear sky
277,San Andres,CO,12.5847,-81.7006,86.02,74,40,12.66,scattered clouds
278,Barra,BR,-11.0894,-43.1417,86.81,37,4,4.59,clear sky
279,Lipetsk,RU,52.6031,39.5708,57.11,74,63,7.29,broken clouds
280,Bereda,ES,43.2686,-7.5406,68.4,69,25,5.55,scattered clouds
281,Le Vauclin,MQ,14.5452,-60.8388,86.05,66,75,21.85,broken clouds
282,Saint-Joseph,RE,-21.3667,55.6167,68.38,65,66,15.37,broken clouds
283,Puerto Colombia,CO,10.9878,-74.9547,86.09,67,25,8.08,scattered clouds
284,Salvador,SV,13.8333,-88.9167,82.06,67,94,2.26,overcast clouds
285,Esna,EG,25.2934,32.554,105.82,7,0,5.1,clear sky
286,Mahanoro,MG,-19.9,48.8,70.47,76,90,4.65,overcast clouds
287,Staryy Nadym,RU,65.6118,72.6842,54.55,32,14,20.4,few clouds
288,Keetmanshoop,NA,-26.5833,18.1333,59.79,33,0,13.18,clear sky
289,Bartoszyce,PL,54.2535,20.8082,55.36,81,73,5.19,broken clouds
290,Maraa,BR,-1.8333,-65.3667,82.44,80,49,1.59,scattered clouds
291,Storforshei,NO,66.4043,14.5233,62.38,45,40,9.22,scattered clouds
292,Rio Grande,BR,-32.035,-52.0986,57.31,76,72,13.6,broken clouds
293,Sarishabari,BD,24.7333,89.8333,83.43,77,41,8.14,scattered clouds
294,Kisangani,CD,0.5167,25.2,78.8,73,26,3.29,scattered clouds
295,Pozo Colorado,PY,-23.4923,-58.7972,67.28,96,100,5.03,overcast clouds
296,Rodbyhavn,DK,54.6544,11.352,61.14,64,78,6.33,broken clouds
297,Narsaq,GL,60.9167,-46.05,59.22,73,62,4.27,broken clouds
298,Syracuse,IT,37.0881,15.2792,76.59,65,6,3.09,clear sky
299,Road Town,VG,18.4167,-64.6167,87.89,70,20,11.5,few clouds
300,Camana,PE,-16.6228,-72.7111,67.28,67,33,7.49,scattered clouds
301,Segovia,ES,41.1667,-4.0,65.88,56,72,12.84,broken clouds
302,Jalu,LY,29.0331,21.5482,100.26,10,35,12.44,scattered clouds
303,Bara,NG,10.3744,10.7288,100.85,15,85,9.06,overcast clouds
304,Benin,BJ,9.5,2.25,94.71,37,44,3.24,scattered clouds
305,Vilcun,CL,-38.65,-72.2333,32.74,61,47,4.81,scattered clouds
306,Nuqui,CO,5.7125,-77.2708,81.77,77,98,3.47,light rain
307,Penzance,GB,50.1186,-5.5371,57.88,76,69,7.09,broken clouds
308,Tokat,TR,40.4167,36.5833,65.3,59,0,3.83,clear sky
309,Saint-Denis,FR,48.9167,2.3333,62.85,45,0,11.5,clear sky
310,Cicero Dantas,BR,-10.6,-38.3833,79.3,66,97,8.55,light rain
311,Dhidhdhoo,MV,6.8833,73.1,82.02,76,100,13.96,overcast clouds
312,Akmene,LT,56.25,22.75,55.22,72,91,6.4,overcast clouds
313,Kruisfontein,ZA,-34.0033,24.7314,54.88,71,46,29.19,light rain
314,Gravdal,NO,68.1214,13.5031,64.29,48,0,9.22,clear sky
315,Bertoua,CM,4.5833,13.6833,85.91,49,57,2.46,broken clouds
316,Elmira,US,42.0898,-76.8077,72.9,61,0,8.05,clear sky
317,Placido De Castro,BR,-10.3353,-67.1856,86.65,53,98,3.13,overcast clouds
318,Krasnoselkup,RU,65.7,82.4667,46.29,48,0,14.99,clear sky
319,Thompson,CA,55.7435,-97.8558,55.56,62,75,8.05,broken clouds
320,Salinopolis,BR,-0.6136,-47.3561,77.41,88,98,5.59,overcast clouds
321,Qandala,SO,11.472,49.8728,86.85,59,37,0.94,scattered clouds
322,Aljezur,PT,37.3191,-8.8033,68.94,67,70,11.01,broken clouds
323,Cayambe,EC,0.05,-78.1333,60.06,81,95,7.29,light rain
324,Sorland,NO,67.667,12.6934,51.66,81,68,13.78,broken clouds
325,Hrodna,BY,53.6884,23.8258,56.62,74,72,7.61,broken clouds
326,La Palma,US,33.8464,-118.0467,68.22,76,75,6.91,broken clouds
327,Thinadhoo,MV,0.5333,72.9333,84.13,70,74,9.28,broken clouds
328,Turbat,PK,26.0023,63.044,90.39,45,0,9.98,clear sky
329,Lujan,AR,-34.5703,-59.105,50.02,53,6,4.0,clear sky
330,Skjervoy,NO,70.0311,20.9714,53.6,80,89,5.77,overcast clouds
331,Bojnurd,IR,37.4747,57.329,78.75,18,0,9.22,clear sky
332,Baglung,NP,28.2719,83.5898,70.43,81,97,4.12,overcast clouds
333,Amapa,BR,1.0,-52.0,80.76,84,54,1.68,broken clouds
334,Douentza,ML,14.9951,-2.9517,107.55,11,5,3.22,clear sky
335,Olafsvik,IS,64.8945,-23.7142,52.47,70,28,1.72,scattered clouds
336,Sadiqabad,PK,28.3062,70.1307,102.99,4,0,23.47,clear sky
337,Chongwe,ZM,-15.3292,28.682,61.66,54,0,2.04,clear sky
338,Idukki,IN,9.85,76.9667,71.08,96,60,1.97,heavy intensity rain
339,Riyadh,SA,24.6877,46.7219,100.54,9,1,9.73,clear sky
340,Awbari,LY,26.5921,12.7805,98.4,10,0,9.75,clear sky
341,Moose Factory,CA,51.2585,-80.6094,55.4,62,0,8.05,clear sky
342,Santa Maria,BR,-29.6842,-53.8069,61.9,94,100,5.75,overcast clouds
343,Muromtsevo,RU,56.3724,75.2418,60.42,73,80,5.61,light rain
344,Karonga,MW,-9.9333,33.9333,71.17,67,3,4.65,clear sky
345,Belmonte,BR,-15.8631,-38.8828,78.66,80,48,7.11,scattered clouds
346,Salinas,US,36.6777,-121.6555,61.56,72,40,5.75,scattered clouds
347,Karaton,ID,-6.3424,106.1045,73.87,94,60,3.33,broken clouds
348,Grand Gaube,MU,-20.0064,57.6608,73.8,63,0,5.01,clear sky
349,Harper,LR,4.375,-7.7169,83.01,75,60,8.61,light rain
350,Eura,FI,61.1333,22.1333,56.98,68,100,6.78,overcast clouds
351,Udankudi,IN,8.4333,78.0167,82.51,74,8,17.98,clear sky
352,Qaqortoq,GL,60.7167,-46.0333,39.76,82,93,5.82,overcast clouds
353,Shush,IR,32.1942,48.2436,99.41,6,0,16.89,clear sky
354,Kasongo-Lunda,CD,-6.4667,16.8167,81.72,64,46,3.0,scattered clouds
355,Nueve De Julio,AR,-35.4444,-60.8831,50.61,34,0,13.6,clear sky
356,Puteyets,RU,65.1716,57.091,62.83,57,77,10.4,broken clouds
357,Dwarka,IN,22.2394,68.9678,81.86,85,0,16.51,clear sky
358,Sao Desiderio,BR,-12.3633,-44.9733,94.35,20,0,2.3,clear sky
359,Mahabaleshwar,IN,17.9167,73.6667,65.62,74,0,4.7,clear sky
360,Kumba,CM,4.6363,9.4469,79.09,86,100,1.72,light rain
361,El Real De Santa Maria,PA,8.109,-77.7325,83.89,76,85,1.16,overcast clouds
362,Taybad,IR,34.74,60.7756,72.27,19,0,24.34,clear sky
363,Susa,TN,35.8254,10.637,89.38,33,20,18.41,few clouds
364,Vavuniya,LK,8.7514,80.4971,79.0,80,69,8.46,broken clouds
365,Boyuibe,BO,-20.4167,-63.2833,57.16,94,100,9.62,overcast clouds
366,Listvyanskiy,RU,54.4399,83.4984,52.72,77,49,7.83,scattered clouds
367,Pemba,MZ,-12.974,40.5178,75.9,78,20,9.22,few clouds
368,Casablanca,MA,33.5928,-7.6192,80.82,56,20,11.5,few clouds
369,Kiruna,SE,67.8557,20.2251,49.12,71,100,12.66,overcast clouds
370,Guanay,BO,-15.4975,-67.8797,85.46,54,42,2.51,scattered clouds
371,Havre-Saint-Pierre,CA,50.2334,-63.5986,46.76,87,100,10.36,overcast clouds
372,Havoysund,NO,70.9963,24.6622,43.03,86,65,18.43,broken clouds
373,Verkhnyaya Inta,RU,65.9811,60.3094,57.16,47,86,17.43,overcast clouds
374,Yenagoa,NG,4.9247,6.2642,83.26,72,94,7.23,light rain
375,Constitucion,CL,-35.3333,-72.4167,50.54,43,0,6.35,clear sky
376,Stavern,NO,59.0,10.0333,57.33,63,100,7.94,overcast clouds
377,Lasa,IT,46.6166,10.7002,56.28,88,100,2.57,overcast clouds
378,Lerwick,GB,60.1545,-1.1494,44.6,77,100,18.92,overcast clouds
379,Oak Ridge,US,36.0104,-84.2696,80.31,68,0,1.01,clear sky
380,Peterhead,GB,57.5058,-1.7981,48.45,80,100,19.37,overcast clouds
381,Tall Kayf,TR,37.0833,41.0667,96.19,8,20,11.5,few clouds
382,Yar-Sale,RU,66.8333,70.8333,42.87,52,4,21.47,clear sky
383,Salalah,OM,17.0151,54.0924,84.29,79,75,10.36,broken clouds
384,Gazli,UZ,40.1333,63.45,78.66,19,0,15.68,clear sky
385,Pozzallo,IT,36.7305,14.8499,77.65,58,0,24.29,clear sky
386,Nioro,GM,13.35,-15.75,99.23,31,51,4.72,broken clouds
387,Kongwa,TZ,-6.2,36.4167,68.22,63,29,7.78,scattered clouds
388,El Carmen,CO,8.5106,-73.4478,81.23,59,66,2.51,broken clouds
389,Costesti,RO,44.6667,24.8833,61.81,89,99,14.09,overcast clouds
390,Timbiqui,CO,2.7717,-77.6654,81.36,79,58,3.69,light rain
391,Valparaiso,CL,-33.0393,-71.6273,55.63,62,0,4.61,clear sky
392,Saquena,PE,-4.6667,-73.5167,86.79,59,69,2.06,broken clouds
393,Antofagasta,CL,-23.65,-70.4,58.28,67,67,8.66,broken clouds
394,Albany,US,42.6001,-73.9662,74.57,49,13,2.55,few clouds
395,Senneterre,CA,48.3835,-77.2328,66.29,52,96,3.69,overcast clouds
396,Henties Bay,NA,-22.116,14.2845,59.27,77,0,14.63,clear sky
397,Necochea,AR,-38.5473,-58.7368,48.79,68,84,18.63,broken clouds
398,Alegrete,BR,-29.7831,-55.7919,61.14,78,83,10.45,broken clouds
399,Bar Harbor,US,44.3876,-68.2039,76.53,55,0,5.75,clear sky
400,Garowe,SO,8.4054,48.4845,92.41,27,62,12.19,broken clouds
401,Crixas,BR,-14.5489,-49.9692,91.81,21,75,4.12,broken clouds
402,Coihueco,CL,-36.6167,-71.8333,36.34,75,0,8.05,clear sky
403,Hofn,IS,64.2539,-15.2082,55.42,71,0,9.22,clear sky
404,Lima,PE,-12.0432,-77.0282,61.05,77,35,5.75,scattered clouds
405,Itarema,BR,-2.9248,-39.9167,83.82,69,35,10.8,scattered clouds
406,Canto Do Buriti,BR,-8.11,-42.9444,91.56,37,47,8.61,scattered clouds
407,Masallatah,LY,32.6167,14.0,77.56,38,0,9.64,clear sky
408,Santa Fe,AR,-31.6333,-60.7,60.03,48,99,8.01,overcast clouds
409,Tabory,RU,58.5198,64.5495,54.3,78,14,12.46,few clouds
410,Vestmanna,FO,62.1564,-7.1664,40.12,93,75,20.71,broken clouds
411,Am Timan,TD,11.0297,20.2827,99.99,16,15,1.95,few clouds
412,Muhos,FI,64.808,25.9931,63.9,70,87,4.25,overcast clouds
413,Bajil,YE,15.0584,43.2851,93.65,40,65,9.4,broken clouds
414,Harer,ET,9.3094,42.1258,63.7,74,90,6.2,light rain
415,Shache,CN,38.4167,77.2406,64.17,64,75,7.09,broken clouds
416,Kokkola,FI,63.8385,23.1307,60.96,67,20,8.05,few clouds
417,Bilma,NE,18.6853,12.9164,105.03,5,0,0.76,clear sky
418,Limanu,RO,43.8,28.5333,70.54,75,22,11.97,few clouds
419,Zaozerne,UA,45.1582,33.2787,66.9,63,13,1.1,few clouds
420,Buncrana,IE,55.1333,-7.45,56.97,65,53,14.99,broken clouds
421,Stanghelle,NO,60.5528,5.7357,51.91,88,100,2.26,overcast clouds
422,Santa Luzia,BR,-19.7697,-43.8514,80.74,55,75,3.44,broken clouds
423,Noyabrsk,RU,63.1994,75.4507,60.82,41,99,15.14,overcast clouds
424,Saint-Raymond,CA,45.467,-73.6095,76.05,57,0,10.36,clear sky
425,Port Shepstone,ZA,-30.7414,30.455,70.02,79,79,12.33,broken clouds
426,Loralai,PK,30.3705,68.598,78.24,5,0,18.61,clear sky
427,Corning,US,42.1428,-77.0547,71.58,62,0,8.05,clear sky
428,Santiago Del Estero,AR,-27.7951,-64.2615,57.2,70,100,10.4,overcast clouds
429,Novoagansk,RU,61.9449,76.6625,61.92,59,100,6.44,overcast clouds
430,Yangambi,CD,0.8102,24.4336,76.21,75,36,1.32,scattered clouds
431,Polis,CY,35.0367,32.4264,85.28,60,0,5.35,clear sky
432,Imbituba,BR,-28.24,-48.6703,70.09,76,99,3.0,light rain
433,Itapuranga,BR,-15.5622,-49.9486,87.21,23,45,3.98,scattered clouds
434,Sisimiut,GL,66.9395,-53.6735,39.38,64,7,8.14,clear sky
435,Bansi,IN,27.1833,82.9333,94.06,34,45,9.37,scattered clouds
436,Kulhudhuffushi,MV,6.6221,73.07,81.37,78,100,14.7,overcast clouds
437,Barranca,PE,-10.75,-77.7667,66.07,71,61,8.32,broken clouds
438,Isla Mujeres,MX,21.2311,-86.731,82.85,69,99,14.07,overcast clouds
439,Galle,LK,6.0367,80.217,80.26,83,97,13.27,overcast clouds
440,Stowe,US,40.2526,-75.6774,78.67,59,40,4.61,scattered clouds
441,Mangochi,MW,-14.4782,35.2645,69.73,60,1,1.92,clear sky
442,Bonthe,SL,7.5264,-12.505,85.41,68,81,8.7,broken clouds
443,Bodrum,TR,37.0383,27.4292,91.33,50,49,13.29,scattered clouds
444,Leshukonskoye,RU,64.8989,45.7622,58.8,81,78,5.77,broken clouds
445,Saurimo,AO,-9.6608,20.3916,88.12,35,75,5.75,broken clouds
446,Sawakin,SD,19.1059,37.3321,89.13,39,4,6.76,clear sky
447,Santa Elena,EC,-2.2333,-80.85,72.77,77,96,9.4,overcast clouds
448,Nizhniy Baskunchak,RU,48.2198,46.8311,77.65,31,0,8.95,clear sky
449,Luanda,AO,-8.8368,13.2343,77.0,73,0,11.5,clear sky
450,Nalut,LY,30.3333,10.85,92.39,11,13,8.72,few clouds
451,Nargana,PA,9.4428,-78.5906,82.17,77,98,1.25,overcast clouds
452,Kapuskasing,CA,49.4169,-82.4331,59.09,88,100,3.44,light rain
453,Elliot Lake,CA,46.3834,-82.6331,65.12,57,80,9.4,broken clouds
454,Strezhevoy,RU,60.7333,77.5889,62.19,52,87,6.89,overcast clouds
455,Cervo,ES,43.6702,-7.4101,63.88,75,4,12.75,clear sky
456,Koslan,RU,63.4564,48.8989,51.64,96,100,4.29,light rain
457,Skelleftea,SE,64.7507,20.9528,59.36,63,0,8.05,clear sky
458,Bauchi,NG,10.5,10.0,96.19,19,39,5.95,scattered clouds
459,San Carlos Del Zulia,VE,9.0,-71.9135,90.97,51,23,4.07,few clouds
460,Rozhyshche,UA,50.9154,25.2691,65.12,46,100,1.3,overcast clouds
461,Dzilam Gonzalez,MX,21.2833,-88.9333,89.13,51,97,6.58,overcast clouds
462,Tanda,IN,26.55,82.65,98.62,26,29,6.22,scattered clouds
463,Olinda,BR,-8.0089,-34.8553,83.93,70,75,9.22,light rain
464,Yeniseysk,RU,58.4497,92.1703,55.24,51,98,3.13,overcast clouds
465,Krasnoye,UA,49.9145,24.6134,56.86,70,100,6.44,overcast clouds
466,Megion,RU,61.0296,76.1136,68.02,50,80,9.84,broken clouds
467,Bonavista,CA,48.6499,-53.1147,51.53,94,94,13.33,overcast clouds
468,Pushkino,RU,56.0172,37.8667,63.09,56,61,8.43,broken clouds
469,Yashalta,RU,46.3395,42.2762,77.29,48,47,0.98,scattered clouds
470,Cap Malheureux,MU,-19.9842,57.6142,72.46,63,0,5.01,clear sky
471,Kim,TJ,40.208,70.4688,65.19,39,12,18.7,few clouds
472,Kabakovo,RU,54.5369,56.1517,66.49,45,75,8.95,broken clouds
473,Zabid,YE,14.1951,43.3152,91.96,45,70,5.48,broken clouds
474,Kosonsoy,UZ,41.2561,71.5508,59.56,57,91,9.55,overcast clouds
475,Kinshasa,CD,-4.3246,15.3215,85.95,59,57,1.34,broken clouds
476,Cotonou,BJ,6.3654,2.4183,87.78,66,40,12.66,scattered clouds
477,Humberto De Campos,BR,-2.5983,-43.4611,83.77,73,88,8.12,overcast clouds
478,Faya,SA,18.3851,42.4509,77.11,41,55,8.95,broken clouds
479,Havelock,US,34.8791,-76.9013,85.98,68,0,5.99,clear sky
480,Mbandaka,CD,0.0487,18.2603,77.34,78,83,3.02,light rain
481,Porto Velho,BR,-8.7619,-63.9039,86.05,62,0,3.44,clear sky
482,Cochrane,CA,51.1834,-114.4687,50.27,53,75,18.41,broken clouds
483,Amantea,IT,39.1332,16.0746,80.46,76,12,2.01,few clouds
484,Iroquois Falls,CA,48.7669,-80.6831,67.08,52,92,3.94,overcast clouds
485,Den Helder,NL,52.9599,4.7593,54.01,72,100,10.36,light intensity drizzle
486,Midland,US,31.9974,-102.0779,88.81,44,0,18.41,clear sky
487,Sandy Bay,AU,-42.913,147.3532,47.08,90,40,6.91,scattered clouds
488,Tarboro,US,35.8968,-77.5358,83.08,47,0,4.61,clear sky
489,Rio Gallegos,AR,-51.6226,-69.2181,42.85,70,20,19.57,few clouds
490,Tocopilla,CL,-22.092,-70.1979,66.34,65,23,9.24,few clouds
491,Zhirnovsk,RU,50.9845,44.7735,60.64,76,93,9.82,overcast clouds
492,Hun,LY,29.1268,15.9477,94.62,12,1,8.88,clear sky
493,Valdivia,CL,-39.8142,-73.2459,35.69,70,72,1.79,broken clouds
494,Nhamunda,BR,-2.1861,-56.7131,84.67,71,85,3.96,overcast clouds
495,Marly,FR,50.3456,3.5496,58.78,73,96,10.29,overcast clouds
496,Mecca,SA,21.4267,39.8261,97.07,13,5,11.39,clear sky
497,Nueva Helvecia,UY,-34.3,-57.2333,49.59,58,12,13.53,few clouds
498,Fayetteville,US,35.0527,-78.8784,86.2,48,40,4.61,scattered clouds
499,Itupiranga,BR,-5.1347,-49.3267,89.92,47,95,4.65,overcast clouds
500,Rundu,NA,-17.9333,19.7667,71.78,24,0,4.07,clear sky
501,Mayumba,GA,-3.432,10.6554,75.36,80,22,9.04,few clouds
502,Mincivan,AZ,39.0294,46.7185,73.11,56,96,3.13,overcast clouds
503,Kolokani,ML,13.5728,-8.0339,104.7,15,58,6.8,broken clouds
504,Windhoek,NA,-22.5594,17.0832,75.69,16,0,6.91,clear sky
505,Margate,GB,51.3813,1.3862,57.69,67,41,7.0,scattered clouds
506,Marovoay,MG,-16.1,46.6333,82.13,45,89,12.03,overcast clouds
507,Winchester,GB,51.0651,-1.3187,61.68,54,20,9.22,few clouds
508,Yashkul,RU,46.1711,45.3435,77.4,31,0,13.53,clear sky
509,Shelburne,CA,44.0787,-80.2041,69.91,73,61,5.91,broken clouds
510,Bayonet Point,US,28.3267,-82.6834,90.14,64,0,3.0,clear sky
511,Puerto Ayacucho,VE,5.6639,-67.6236,83.77,72,72,0.76,broken clouds
512,Iskateley,RU,67.6803,53.1512,62.47,46,8,14.99,clear sky
513,Inhambane,MZ,-23.865,35.3833,75.18,69,0,9.22,clear sky
514,Araouane,ML,18.9048,-3.5265,109.42,9,5,8.14,clear sky
515,Dourbali,TD,11.8091,15.8632,103.33,5,19,3.96,few clouds
516,Derzhavinsk,KZ,51.1,66.3167,72.36,41,3,8.48,clear sky
517,Marrakesh,MA,31.6315,-8.0083,73.47,56,75,5.75,broken clouds
518,Ornskoldsvik,SE,63.2909,18.7153,55.02,60,95,1.92,overcast clouds
519,Crotone,IT,39.0851,17.1178,78.75,61,0,11.5,clear sky
520,Zhanaozen,KZ,43.3,52.8,82.62,15,0,12.01,clear sky
521,Volta Redonda,BR,-22.5231,-44.1042,80.37,40,0,4.12,clear sky
522,Saint-Pierre,RE,-21.3393,55.4781,69.91,73,34,17.27,scattered clouds
523,Beisfjord,NO,68.3751,17.5988,60.85,85,95,7.49,overcast clouds
524,Careiro Da Varzea,BR,-3.2003,-59.8119,84.83,59,27,4.21,heavy intensity rain
525,Liverpool,GB,53.4106,-2.9779,58.78,64,40,5.99,scattered clouds
526,Fredonia,US,42.4401,-79.3317,76.05,49,0,4.61,clear sky
527,Sovetskiy,RU,61.3614,63.5842,49.51,93,100,2.66,overcast clouds
528,Rio Cuarto,AR,-33.1307,-64.3499,48.33,36,75,8.05,broken clouds
529,Stromness,GB,58.965,-3.296,46.87,85,100,17.0,overcast clouds
530,Taft,IR,31.7471,54.2088,82.35,9,20,11.5,few clouds
531,Kabare,CD,-2.4683,28.8242,62.8,93,93,2.77,light rain
532,Oussouye,SN,12.485,-16.5469,100.58,46,38,11.27,scattered clouds
533,Valkeala,FI,60.9401,26.7979,63.3,59,0,9.22,clear sky
534,Arrifes,PT,37.7667,-25.7,59.25,59,20,19.57,few clouds
535,Mazagao,BR,-0.115,-51.2894,82.45,80,62,3.56,broken clouds
536,Menzelinsk,RU,55.7271,53.1026,57.09,74,100,9.82,overcast clouds
537,Ochakiv,UA,46.6128,31.5498,65.93,74,51,8.25,broken clouds
538,Vagur,FO,61.4732,-6.8119,44.04,77,80,20.33,broken clouds
539,Matara,LK,5.9485,80.5353,78.46,90,99,10.02,overcast clouds
540,Manta,EC,-0.95,-80.7333,76.78,78,75,9.22,broken clouds
541,Edd,ER,13.9297,41.6925,88.09,69,87,6.29,overcast clouds
542,Camacupa,AO,-12.0167,17.4833,70.59,41,1,3.42,clear sky
543,Serrinha,BR,-11.6642,-39.0075,83.8,46,95,7.29,overcast clouds
544,Roald,NO,62.5833,6.1333,50.16,81,75,5.75,broken clouds
545,Makat,KZ,47.6469,53.3463,81.48,23,1,2.59,clear sky
546,Ellsworth,US,44.5434,-68.4195,77.14,55,0,7.0,clear sky
547,Banswada,IN,18.3833,77.8833,94.53,25,13,5.17,few clouds
548,Narwar,IN,25.65,77.9,98.17,16,16,10.56,few clouds
549,Abha,SA,18.2164,42.5053,76.82,36,40,12.66,scattered clouds
550,Killybegs,IE,54.6333,-8.45,56.91,58,32,15.79,scattered clouds
551,Puerto Ayora,EC,-0.7393,-90.3518,75.16,91,98,1.99,overcast clouds
552,Chake Chake,TZ,-5.2459,39.7666,75.99,80,31,10.49,light rain
553,Nizhniy Odes,RU,63.6445,54.856,53.87,87,96,0.78,overcast clouds
554,Marzuq,YE,14.4,46.4667,82.8,34,94,5.77,overcast clouds
555,Melioratorov,RU,57.2107,65.6077,64.78,42,0,13.42,clear sky
556,Sao Joao Do Piaui,BR,-8.3581,-42.2467,92.03,37,39,8.23,scattered clouds
557,Anloga,GH,5.7947,0.8973,83.39,71,34,12.17,scattered clouds
558,Buchanan,LR,5.8808,-10.0467,83.28,76,83,9.69,light rain
559,Belyy Yar,RU,53.6039,91.3903,66.85,68,40,13.42,light intensity shower rain
560,Chagoda,RU,59.164,35.3285,55.72,66,99,8.52,overcast clouds
561,Peniche,PT,39.3558,-9.3811,71.08,78,92,13.38,overcast clouds
562,Arifwala,PK,30.294,73.0735,96.49,6,0,5.44,clear sky
563,Luau,AO,-10.7073,22.2247,73.42,39,0,3.91,clear sky
564,Dusetos,LT,55.75,25.85,54.61,71,78,6.93,light rain
565,Nizwa,OM,22.9333,57.5333,96.03,10,0,5.61,clear sky
566,Viransehir,TR,37.2353,39.7631,86.52,20,0,7.25,clear sky
567,Mapiripan,CO,2.8892,-72.1256,80.02,83,48,3.83,scattered clouds
568,Porto Empedocle,IT,37.2934,13.5264,82.31,63,0,15.03,clear sky
569,Mahon,ES,39.8885,4.2658,75.76,33,0,12.66,clear sky
570,Panama City,PA,8.9936,-79.5197,88.29,79,40,5.75,scattered clouds
571,Escanaba,US,45.7453,-87.0646,71.51,87,0,9.22,clear sky
572,Grand-Santi,GF,4.25,-54.3833,86.47,61,35,4.07,scattered clouds
573,Kamenka,RU,51.3223,42.7678,52.07,93,100,7.29,overcast clouds
574,Carutapera,BR,-1.195,-46.02,83.73,75,71,4.54,broken clouds
575,Praia,CV,14.9215,-23.5087,82.94,51,0,18.41,clear sky
576,Marawi,PH,7.9986,124.2928,69.3,91,100,0.78,overcast clouds
577,Capitao Poco,BR,-1.7464,-47.0594,82.56,78,92,6.02,overcast clouds
578,San Carlos De Bariloche,AR,-41.1456,-71.3082,33.55,64,20,3.44,few clouds
579,Alexandria,EG,31.2156,29.9553,91.94,48,0,6.91,clear sky
580,Lethem,GY,3.3803,-59.7968,86.97,57,55,10.6,broken clouds
581,Caluquembe,AO,-13.7833,14.6833,70.95,38,15,1.54,few clouds
582,General Pico,AR,-35.6566,-63.7568,50.97,24,0,7.23,clear sky
583,Sonqor,IR,34.7837,47.6004,63.43,42,77,7.31,broken clouds
584,Ulagan,RU,50.6321,87.9563,56.05,88,93,3.91,overcast clouds
585,Trairi,BR,-3.2778,-39.2689,83.28,71,38,9.17,scattered clouds
586,Roslavl,RU,53.9528,32.8639,56.17,67,36,5.39,scattered clouds
587,Tiznit,MA,29.5833,-9.5,71.51,52,0,10.47,clear sky
588,Doha,QA,25.2867,51.5333,100.71,20,0,11.5,clear sky
589,Waterloo,CA,43.4668,-80.5164,72.73,56,20,5.75,few clouds
590,Edgewater,US,28.9889,-80.9023,90.16,58,1,6.02,clear sky
591,Lokosovo,RU,61.1333,74.8167,56.71,81,97,17.34,light rain
592,Adre,TD,13.4667,22.2,88.25,33,73,17.07,light rain
593,Guzelyurt,TR,38.2772,34.3719,72.3,37,36,3.56,scattered clouds
594,Young,UY,-32.6833,-57.6333,55.24,50,98,12.1,overcast clouds
595,Bud,US,39.447,-86.1758,76.19,71,64,11.65,broken clouds
596,Barra Do Corda,BR,-5.5,-45.25,87.85,51,25,7.45,scattered clouds
597,Omboue,GA,-1.5746,9.2618,77.0,74,42,11.18,scattered clouds
598,Jipijapa,EC,-1.3333,-80.5833,72.9,77,98,3.06,overcast clouds
599,South Venice,US,27.0531,-82.4243,89.08,51,0,4.61,clear sky
600,Taiobeiras,BR,-15.8078,-42.2331,84.76,31,2,4.36,clear sky
601,Turinskaya Sloboda,RU,57.6232,64.3858,55.49,73,7,11.16,clear sky
602,Luz,BR,-19.8014,-45.6856,79.36,35,0,5.99,clear sky
603,Letterkenny,IE,54.95,-7.7333,57.09,59,51,13.22,broken clouds
604,Sembe,CG,1.6481,14.5806,80.33,77,90,2.77,overcast clouds
605,Balkanabat,TM,39.5108,54.3671,85.5,13,0,17.31,clear sky
606,Isiro,CD,2.7739,27.616,69.6,83,100,0.31,overcast clouds
607,Siavonga,ZM,-16.5382,28.7088,70.5,51,0,1.01,clear sky
608,Makushino,RU,55.2103,67.2442,61.0,58,60,13.15,broken clouds
609,Ardakan,IR,32.31,54.0175,82.18,7,0,16.82,clear sky
610,Oktyabrskoye,RU,43.0645,44.7417,77.14,53,40,8.95,light rain
611,Plouzane,FR,48.3833,-4.6167,66.25,41,0,16.11,clear sky
612,Tatarsk,RU,55.219,75.9828,64.04,55,71,7.0,broken clouds
613,Kralendijk,BQ,12.15,-68.2667,87.78,62,20,18.41,few clouds
614,Samana,DO,19.2056,-69.3369,86.22,74,40,3.44,scattered clouds
615,Laje,BR,-10.1833,-40.9667,85.93,41,68,9.17,broken clouds
616,Emba,KZ,48.8264,58.1442,70.39,37,7,3.78,clear sky
617,Loiza,PR,18.4313,-65.8802,89.82,69,40,20.71,scattered clouds
618,Barras,BR,-4.2444,-42.2944,87.06,56,30,3.89,scattered clouds
619,Talcahuano,CL,-36.7167,-73.1167,42.48,75,0,5.75,clear sky
620,Alta Floresta,BR,-9.8756,-56.0861,94.82,41,20,11.5,few clouds
621,Ubinskoye,RU,55.3068,79.6802,56.64,71,25,10.22,scattered clouds
622,Ocean City,US,39.2776,-74.5746,82.02,59,67,1.99,broken clouds
623,Priladozhskiy,RU,59.85,31.4833,54.82,71,100,8.03,overcast clouds
624,Bosaso,SO,11.2842,49.1816,86.45,57,55,1.39,broken clouds
625,Terrasini,IT,38.146,13.0844,82.22,44,0,16.11,clear sky
626,Acarau,BR,-2.8856,-40.12,83.8,69,42,10.78,scattered clouds
627,Ariogala,LT,55.2667,23.4667,56.3,74,75,7.0,broken clouds
628,Namikupa,TZ,-10.8333,39.6,73.0,78,57,7.4,broken clouds
629,Mugur-Aksy,RU,50.35,90.5,53.55,68,100,3.67,moderate rain
630,Zyryanskoye,RU,56.8306,86.6258,56.12,97,100,4.74,moderate rain
631,Bogandinskiy,RU,56.8937,65.8938,64.67,66,31,12.5,scattered clouds
632,Lucea,JM,18.451,-78.1736,85.86,66,100,8.97,overcast clouds
633,Kukes,AL,42.0769,20.4219,60.78,89,100,5.21,overcast clouds
634,Mende,FR,44.6667,3.5,59.59,28,0,7.14,clear sky
635,Zhezkazgan,KZ,47.8043,67.7144,71.58,30,0,6.71,clear sky
636,Greytown,ZA,-29.0642,30.5928,61.56,47,1,5.37,clear sky
637,The Valley,AI,18.217,-63.0578,85.86,70,20,17.27,few clouds
638,Tarko-Sale,RU,64.9225,77.785,52.43,34,7,17.31,clear sky
639,Klyuchi,RU,52.2667,79.1667,65.62,41,92,9.01,overcast clouds
640,Kinango,KE,-4.1372,39.3153,80.71,75,59,9.8,broken clouds
641,Hella,NO,67.2,14.4333,64.54,48,20,10.36,few clouds
642,Ordynskoye,RU,54.3656,81.8994,54.68,78,45,8.3,scattered clouds
643,Karpathos,GR,35.507,27.2132,80.56,54,0,12.66,clear sky
644,Stornoway,GB,58.2093,-6.3865,50.04,78,100,18.41,overcast clouds
645,Klaebu,NO,63.2976,10.4826,52.03,74,99,2.77,overcast clouds
646,Warmbad,NA,-28.45,18.7333,58.14,51,2,10.87,clear sky
647,Warrington,GB,53.3925,-2.5802,60.87,64,40,4.61,scattered clouds
648,Padang,ID,-0.9492,100.3543,77.16,88,32,4.14,scattered clouds
649,Nizhnyaya Tavda,RU,57.6731,66.1725,56.28,71,4,10.16,clear sky
650,Batticaloa,LK,7.7102,81.6924,82.63,74,98,7.7,overcast clouds
651,Gore,NZ,-46.1028,168.9436,39.76,89,100,3.6,overcast clouds
652,Charleston,US,32.7766,-79.9309,89.2,67,20,4.61,few clouds
653,Severnoye,RU,56.3491,78.3619,61.61,60,23,11.34,few clouds
654,Porbandar,IN,21.6422,69.6093,82.22,83,8,13.82,clear sky
655,Sechura,PE,-5.5569,-80.8222,72.41,63,22,8.23,few clouds
656,Thaba-Tseka,LS,-29.522,28.6084,44.04,63,46,15.03,scattered clouds
657,Brae,GB,60.3964,-1.353,46.18,77,100,18.92,overcast clouds
658,Tenali,IN,16.2425,80.6398,95.09,45,64,13.44,broken clouds
659,Zapolyarnyy,RU,69.4154,30.8136,42.08,69,18,16.31,few clouds
660,Atasu,KZ,48.6814,71.6433,64.83,45,6,5.46,clear sky
661,Rudbar,AF,30.15,62.6,82.38,10,0,12.35,clear sky
662,Plettenberg Bay,ZA,-34.0527,23.3716,54.97,72,47,23.2,light rain
663,Melilla,ES,35.2937,-2.9383,84.4,57,0,14.97,clear sky
664,Pailon,BO,-17.65,-62.75,85.68,41,11,17.4,few clouds
665,Eucaliptus,BO,-17.5833,-67.5167,54.82,22,19,16.17,few clouds
666,Kolpny,RU,52.2282,37.0368,57.69,76,37,7.54,scattered clouds
667,Aksarayskiy,RU,46.7924,48.0119,77.29,28,0,11.27,clear sky
668,Gijon,ES,43.5357,-5.6615,70.45,78,1,13.0,clear sky
669,Chunhuhub,MX,19.55,-88.6833,79.29,79,100,4.88,overcast clouds
670,Belcista,MK,41.3028,20.8303,61.75,77,75,3.44,broken clouds
671,Chalus,IR,36.655,51.4204,71.06,73,20,4.61,few clouds
